id,createdTime,CohortRecID,Hide Unavailability Calendar,Junction Table School Workshop,Name,School,School (from School)
rec64hxpgTEzgyOio,2024-03-18T20:37:02.000Z,rec64hxpgTEzgyOio,,"recuWYTutO5fOycLs,rec0C8CNFaYExYkcT,rec4x2tF0lVVkEbcX,recjWWvHYMeOGgeUC,recqWxXSxLWppNl2d,recEqG4Eefyc6hp0I,rectlMUKh8XBNLKSx,recRhMLhEfaOorhNJ,recc6Wv2mAZeO6uiP,recw5ONhCvOJuRuuA,recZmrW5mA2sKWFAF,recUuHutuELxqepYS",TX,"rec6O4qDqHPOCU5Qr,recVCrjNijhtTrVAm,rech3XcMHvv6dgkMh,recCoD5vb2k0Zj2YV,recMeoqgPtxeBssqm,recnyT4MGjUHjA3rV","Greenhill School,St. John's School,The Kinkaid School,Ursuline Academy of Dallas,Dallas International School,The Episcopal School of Dallas"
rec6YACSM3bH14t0c,2024-05-22T18:28:39.000Z,rec6YACSM3bH14t0c,,"rectK2PzP08sgfGWI,recLZTmDgEnqbqEAH,recuuZ70hCEZhnSQZ,recyagqqCkj9qQdoI,rec5wqNVa5DDJJWbB,recRkZ22YAjvQOTQE",BOS 3,,
recBegBohgNLuxvd6,2024-03-18T20:36:30.000Z,recBegBohgNLuxvd6,,"recRekqZWlo702p6l,rec01OJiUXVjB9tgr,recJiiI36Fk85ZWKB,recHzIVL2mUufw028,recsP7LfiAowJrKAR,rec98ShEagC7Os3Q7,recofO3e4GyRcfPUk,recF63ezH9YZ2UB5m,recO7j02QpgQ8G3Zq,recIuPxtIevP095B0,rec4fUv1RVbmY7kR0,recRxeFznj3xQlnru",BAISCC,"recyWRkg97tfzhQuB,recN7MB5wfK3vE6X5,recFJoLw3LOhZ8wiN,recYerI3xzYJP4nDb,recAaMBgFx0FNhMS1,recQqsZVdChHmoWZm,recg858zz1O8uGUCy,rech8BW6ntvZNwfgy,recDV8GiY5ENdELC0,recUYiAwNNndan1CT,recOnnnN6G2VKdqPX,rec7yXg3tc5sagKcw,receGYaGvpLB8n6dR,recsGk9jfM4iqIxVj,rec6ivk2YBkp0oLk0,recuzr3BMaMHy47Vp,recqoUu7cPW9dQJSN,rec3GZK0hDgVEy9rh,rec0rxOAbBhcojjAG,recfMefwiE0Ru9JPj,recHi4mOBbun4XmWe,recaU7I4f8ERrMGrW,rec2L9MsH1Htyyggw","The Branson School,De La Salle High School,San Francisco Waldorf High School,Drew School,St. Ignatius Preparatory School,San Francisco University High School,Lick-Wilmerding High School,Carondelet High School,Menlo School,Sacred Heart Cathedral Preparatory,The Jewish Community High School of the Bay,Sacred Heart Schools Atherton,Sonoma Academy,The International School of San Francisco,Cate School,The Bay School of San Francisco,The Bentley School,Marin Catholic High School,Head-Royce School,Hillbrook School,The Athenian School,Francis Parker School,Marin Academy"
recBzTKhTFt0rpyZj,2025-05-02T17:44:27.000Z,recBzTKhTFt0rpyZj,,"recpJemMUFTwbp6nY,recYGHhzYFXB8f4Xw,rec5PQphxg0c3k7Ez,recZSLS6sRiUGEvZW,recHtXI80E5LCrTAL,recMugBpgyUyYa6nD,recCIVZ2CZhOJoCWx,rec28Nrvn37y9uX97,reckFSselVbjE7mHE,recvxj79587EzrhIh,rec3BXfkzuHYSTsoX,recDqHmg60tgTgIFi",BOS,"recGvIZMy2ABEWezM,recc6DGM4v1CDuNHg,recRjbVI7qZcPQpAz,recoQ0U7QzVZROv45,recVrPkpRRfl7PgTe,recYrzCVL1U07jSmf,rec5aN3mbwVnBsQym,recbw79DneoAaKsMP,recNqinHKNC9YQzeV,recoezNBktdYgzmiO,recPzDFvnXBYkCVLG,recFohENpmuQhkW6d,recEB1QFrnDToU3kC,recbuGhxoB4bR1zhl,rec1A1XQt6OBukH50,recWksdZmCL5oIglc,rec0PxSX5M719F8tC,recjv3WevM190HLtA,recN9D9nN0SyvZUX0,recvnhGGRNXBViqcB,recAZNqETXxpaImKr","Beaver Country Day School,The Cambridge School of Weston,Montrose School,St. Sebastian's School,The Roxbury Latin School,Concord Academy,New England Innovation Academy,Thayer Academy,The Winsor School,Buckingham Browne & Nichols School,Groton School,St. Mark's School,Tabor Academy,The Governor's Academy,The Rivers School,Boston Trinity Academy,Kimball Union Academy,Pingree School,Deerfield Academy,Holderness School,Miss Hall's School"
recEnnhjHMIV8c8HC,2024-03-18T20:37:02.000Z,recEnnhjHMIV8c8HC,,"recdfxSpnvcwQ13gC,recRxHQJsEteWZnsE,rec2nxKeaSZgypfra,recJ3EpzTzsFmbNct,recJBoYVyATHo1OhR,recc6I4NLccYxmlzA,recz3WNYgxaKG2Ezt,recCmAqkdJYMT8ZBd,recR1vdyX57zl7d49,recKGWughiusDZriq,recqxQVyT2gSZd4zd,recb8R6VzrjghIHKl",NYC,"recDGlhj71Jm0S4uY,recGAzffV440IBUeZ,reckuC60sCJHG75Mg,recLLC22IgIIzuRZw,recc1eYq3HksE0OCH,recXI6eusMlHVx0XU,recWh5eiWYgkmoBVP,recU3nqiPuiOMoAPQ,rec2rOQQKRpKcna1l,rece5z2suTyHPfmFy,rect3XevxmxVWM76J,rec5Ql4k6nZSferUo,recjnbSKJBw1WgoAD,recDewJYMMdQ7KIau,rec3oBlcgbdjBh8hx,recgMiH84RfaTPyE0,rec6uUuH959m8j1FP","The Birch Wathen Lenox School,The Calhoun School,Columbia Grammar & Preparatory School,Ethical Culture Fieldston School,The Spence School,Trinity School,Horace Mann School,The Dalton School,The Brearley School,Collegiate School,The Chapin School,United Nations International School,Marymount School of New York,The Ramaz School,Poly Prep Country Day School,Avenues New York,Regis High School"
recHHg9XhLHC21zvY,2024-03-28T19:37:46.000Z,recHHg9XhLHC21zvY,,"recefl9Fqd0wb8vJp,reck1x837rOk0HUye,recgT9uq4ROP1bZQy,recC2D1kyzN77GDMR,rec5ACeJITCq9QEat,recoERtwQX7wpyssj,rec1bVn65XzVCzGsB,recx84gCJP3D8J5Gb,recdLc5ESemA48Zdp,recS3W4uYnoPBT4eH,recqf6DQNc712bBqs,recJnB83Ji1qivqAl",CHAT,"reccx9N6Zlp8w9BuK,recLq6zX7ltrnF9z7,recx1B8XKHLMi0fIe","Girls Preparatory School,Baylor School,The McCallie School"
recXGLuN0MF6Cn8Jt,2024-05-22T18:29:45.000Z,recXGLuN0MF6Cn8Jt,,"recNhpJWoHmyjroEs,recRRCdfBfPjAQuGM,recZ3DrJRRLjSb8Di,recge4yfWO1owSpS4,recAb0ovpWr9wPLy3,recIFntJ00XfYgNxj,recw4R88X3dgFdDlA,recZuiLEQKwoK09WK,recbAuZ3PkXRmnx64,recFLgNcLcFXDYIlk,rec3jn3dZx6gvchqz,recuKP901CgTXtw9X",MD,"recTZhGtkNuNafPJO,rec7cWWCdSgsxK744,recXBFM1Cuz3Quyt9,recFUWVJ0ZEym8bbK,recjrQQDQofuyketQ,recuqxZgKBbvnm5gp,recYwgNGtezYMe8E8","The Bryn Mawr School,Garrison Forest School,Gilman School,Roland Park Country School,The Boy's Latin School of Maryland,McDonogh School,The St. Paul's Schools"
recXbBlfbSDyFwesd,2024-05-22T18:09:18.000Z,recXbBlfbSDyFwesd,,"recIhdIpMjyiQ7EOq,reci1PF8Xzdu9gcwl,rec8i5oVXDG9I4HCK,rec9MG6VpujQJaavF,rec7mhvxNaMYInSCB,rec6KDMwcFrgpy3i0,recla5fqaGyjPmUan,rec1kNQzqpecCIbAX,recRi2mBdYB6clpiE,rec5BSDAI5onRo0bX,recK8XtksiPubn4mX,recu9viTFdKnzYrwb",H-WM,"recpT7nnt8PrJfj5G,recYCbypleijxXfnz","Harvard-Westlake School,Marlborough School"
recZqfQ4RkbnW2JIg,2024-03-18T20:37:02.000Z,recZqfQ4RkbnW2JIg,,"recAEH1dqfVPqyVDt,recGxlXPXgcev3X9v,recmZbqYJlSzSn01A,recy7jwWedhAmr6cD,recFOD7sl39uSaybF,recGOAKxHRsO15wth,recKFoa0DW0fA5yWZ,recRA5LjzqXCYmP8J,rec5mZxys1Ac22Okd,recBDoWqhHjU5Vgo1,recJDdod4D53v9vw1,recjbVpUt0MbTT9Bx",CT,"recVAtLH989vPXIol,recnYsUvMCrKI02YU,recTzSwAaFOu2bJ1M,rec2XZJ1Vgcmnq1am,recpaSLehST5Kh0Wv,recW0xcxX5nPDX5Qk,rec8K86ge5WSiz2CP,recR6bgASzZEEAvHn,recJDzhmNefYvxOJ8,recSRFCJkooYbDDWi","Avon Old Farms School,Greenwich Academy,Westover School,The Ethel Walker School,Miss Porter's School,Kingswood Oxford School,The Taft School,The Frederick Gunn School,Hartford Youth Scholars,King School"
reccBfPpfUFwgTi5y,2026-02-23T23:30:09.000Z,reccBfPpfUFwgTi5y,,,TN,"recLq6zX7ltrnF9z7,reccx9N6Zlp8w9BuK,recx1B8XKHLMi0fIe,recIRd6HTZRkFrDIK,recG6EO7QNvLZtUNi,recW5oZBwg13r5PcW,rec5c8iGaJ6auxQua,recpNEOoFGxPem8nc,receJmrA20g5Udttr","Baylor School,Girls Preparatory School,The McCallie School,Webb School of Knoxville,Franklin Road Academy,Harpeth Hall,Memphis University School,Montgomery Bell Academy,University School of Nashville"
recdY6Wsu8SzOJ5bq,2024-04-25T15:52:23.000Z,recdY6Wsu8SzOJ5bq,,"recIUkjvVwc5vBB6e,rec57hNjnGPPBw4PW,recZHnSYOd5rNRpf5,reczrSqdXZNAuwLEz,reccqUmsMBdhbJKgL,recZpSnC57LCWPx1F,recm7RMU6Bh9MTpgi,recAUFjUjfDVvRvan,recZQEBhe14u4trHX,recCYN6BC1a9wp4qB,recRn9h8Gsq71dIlt,recbNsYUYnwFHNRWl",MN,"recs5vZPaeJOcqgm0,recSKibN3mF74ptyA,rechIa9IbFeCrzaaE,recB9nOMdKyzdUsld","The Blake School,Breck School,St. Paul Academy,Mounds Park Academy"
recdzEBUepl8IqYUa,2024-04-25T15:52:28.000Z,recdzEBUepl8IqYUa,true,"rec5491819Zf6Evhq,reclmKJYfixPreK0y,recIKi1fZ73fF0zBA,recMuZcUmOmijaNln,rec0qTha351yJVnXW,recBIlMv8nAM3VNcU,recKXHdZBm8BMv0cQ,recFhkKF2d8Gfmb7z,recdlclpANvtdg8Hm,recT5zLYtlsMAC0jJ,recV2LMNT1VREFn5x,recexJreArazUNjWy,recfm08vbcBwErEc5,recoqFzrJdgEoqHHw,recNRkO3uRVmbtXLr,rechUV6oZIXHGrJiL,recv1DRn5dzTulVvR,recPK3QkOGsMCKZ94,recPYBNzfX2LFWX3c,recXlbj8yg3g5vrWH,recNUlrZUkIgDFNlg,recrqaEn4qW1yScZJ,recUCno5aQ4kSViMy,recmPAv9XaM2Y7VOI,recrToqhhYVFweSL5",EAST,"recMRIpUD7RBVf2in,recq496wYZ7IqsOZ1,recdg2AnaPoDuvhfw,recprLWVV4PL1VVxd,recjpuIkac0rdeZpu,rec0WBTCI4sGvHcWV,recUWOxA5zV59J7Vl,recR9QQTSfcYyVV3H,recQr1NYuX0HxEsJ0,rectcWEjl8thct7TD,recv0urWFBnmc0peO,reco2SPXgalEUVVZS,recoPWW7QZb3ZB2mf,recHStRl0uhZPgNR0,recDkYuS0k3BPQUho,recjT7k8oFP1o0Z19,rec3xSqMwtXscogBt,recBe2B5t0myBvoVn,recH5cbAw6DyuFt9P,recRD5mwb7hLCr1Ig,recQIl2GHC9KOZstz,recGfsV8eHtnkFkPd,rec8dimNsNuD5r8me,recIxM5nUdJVmEecJ,recYCAlIAd2O0GQY1","St. Albans School,Christopher Columbus High School,Saint Andrew's School,Atlanta International School,Emma Willard School,Loyola School,Grier School,The Haverford School,Ransom Everglades School,The Prairie School,Providence Day School,Thaden School,The Paideia School,Episcopal School of Jacksonville,The Walker School,Holy Innocents' Episcopal School,The Miami Valley School,Shady Side Academy,School of the Holy Child in Rye,The Lovett School,Millbrook School,The Baldwin School,Culver Academies,Columbus Academy,The SEED School of Maryland"
recmFBWZqyy41Y4wK,2024-05-22T18:28:49.000Z,recmFBWZqyy41Y4wK,,"recIL5JCIyL8w0zm3,recdm2b4bwRu7XULL,recOetDAuwlVZNo3j,reccbSfdz9nBPgM16,recdCrhbRNJ56DcS8,reczmPzWfBxipNsXj",BOS 2,,
recnDSfA01aEsurlW,2024-03-18T20:36:30.000Z,recnDSfA01aEsurlW,,"recpFPED2WXNYVhTc,recAvzDT4LptcrmAQ,recZh7ETaassBqQvA,recQ2GGihqwhRCWKu,rectmwGfeTMqeKha3,rec0dlTW11aaV2gav,recId6ykILw8CuaTN,recuqgzZ5dyJJc5Fr,recXbfg0PBSoS4c1X,recBNEuKT1NRfApw4,rec7D3BlcjFv3iu4M,recxrsKUir6JJRt77",SAIS,"recpfRlvZijj2IBCl,recWs5pix8Wsvk7CE,rec4mQVa2fqIAmG5j,recvOsQGp6TgjCb5V,recPQ0Je34pIGb6nI,recI53teBWwHUoWpz,recwYwlkoXS8V0eLN,recRLukvRHGu80uHI,rec437A1QnPy1dlvZ,recT8X4XHU9zctHRL","Forest Ridge School of the Sacred Heart,Eastside Preparatory School,Annie Wright Schools,Lakeside School,The Overlake School,The Northwest School,The Downtown School,The Bush School,Charles Wright Academy,University Prep"
recq6igT43CAApRLT,2024-03-28T19:39:11.000Z,recq6igT43CAApRLT,,"recjg25kjRIj2eNHg,recX4cE2plDmVcSNg,rec9qP3r03qcgZ8bW,recvfp4vrboP7H0yf,rec6BlF9eHsJVw1N7,recwy77yRvyHM11ar,rech5QRhxr4EJ0RsW,recfXnNi9ksrz1Dvx,rece2RL8yRyvMncYj,recrahxU2bawBW4PU,rec3sAxbdUOhKlstQ,recyaayStCYZn9LnC",BROOKLYN,"rec5YILISWgRVm2nH,rec8kSjRDkoCqKXBs,recfjSZkTbQ6rfiRd,recPFyvcvxnsAtUCz","Saint Ann's School,The Berkeley Carroll School,Brooklyn Friends School,The Packer Collegiate Institute"
recqdUH6FuIRtHTNP,2024-05-22T18:33:42.000Z,recqdUH6FuIRtHTNP,,"rece1kKzdwwuHBPqj,recmcXJdAegtjqcI3,rece3iWjNbTBZCGQ1,recUd5nUmAb8kMZ7x,recbyPQI0sJ58R3ve,recpsJDO11bNeBvBC,recaHHuRMbPBRWM7B,recwSe99T0MkbE6MN,recITmRmyMYi6tBSD,recA0eG1XUdsnIB1K,recs4YmvDxXpAT8la,rec5z4EFsJId5UDTU",NASH,"recpNEOoFGxPem8nc,receJmrA20g5Udttr,recG6EO7QNvLZtUNi,rec5c8iGaJ6auxQua","Montgomery Bell Academy,University School of Nashville,Franklin Road Academy,Memphis University School"
recsKHLj9ENu86h1D,2025-06-09T14:51:32.000Z,recsKHLj9ENu86h1D,,"recTXmbfYXDNSCb0u,recHKfDPnuDl7asH1,recFJYo9FI4gCBUsZ,recc6nmVIRsAxC64f,recxvsEvNV4SlsJnL,recMouExzSEFiJA4F",MOUNT,"recxNJ51ro9alrwPl,rec7zApvJvJaz3Pow,recWCpYWc0wWxmqug,rec2DZJcmFSuClnep,recHySi3rV0NuC6bp","Kent Denver School,Santa Fe Preparatory School,Vail Mountain School,Holy Names Academy,New Mexico School for the Arts"
rectzlwUZbg7DifiH,2024-03-18T20:36:30.000Z,rectzlwUZbg7DifiH,,"recnwBb46Mp3fT5Rd,recBq7k3rHL6fp8Xf,rec0LkxCeJtVuYSFF,recVAycZ3eKEIO6JT,recTulaXfsNy0H9iK,recnEzHSaYzjBNKP0,recXeIUqnAhE9y5Uh,recEvZfgCgmqs5L7I,rec8UU2BCM770dW1U,rec7Tgx8dOPB9rbJs,recm2H4IFlVOFIVpF,recn3vy2EqYWqOBJf,recT9eP5HFlViXBL7",LAISCC,"recjKpoVgPfD5QrBI,rec17SIII3IlZ8eC3,recCzHa5QlOU4CMv4,recT5hYu9j1OTVtv6,recjntFqG1ji2lIUN,recwAx2WglQoDGgWR,recobxFajENRZkh3E,recQO97ZB9VeufnGP,recQYPvaQ4iW1DrqG,recfTLGTjp0MAI7Nc,recEAiGHnYuOajUfr,recy5DRzkRMBDrdkm,recOG6m7uu7wlidEc,recjjFI31GOVqZNNb,reccEPUJCe3hcX1fb,recKOyzbdhKrr6wR8,recmWKSeoaGR9tHun,recIX8tuNzGQHwsAg,recK5OuLOh6TleJaF,recTB8ULh4Xsw53NW,recrtZnWAXCS6aKUy,recpT7nnt8PrJfj5G","Chadwick School,Flintridge Preparatory School,Marymount High School,Oakwood School,Milken Community School,Windward School,St. Margaret's Episcopal School,Polytechnic School,Mayfield Senior School,Dunn School,The Archer School for Girls,Sierra Canyon School,Brentwood School,Wildwood School,Oaks Christian School,The Bishop's School,Grace School,Pacific Ridge School,Campbell Hall,Viewpoint School,The Buckley School,Harvard-Westlake School"
recu05DZRlCg1iL4S,2024-05-22T18:29:06.000Z,recu05DZRlCg1iL4S,,"recpsPdochofbN0Wl,rec90Mky1CjqpRDOS,recPCQqJcJGuYooBN,recmnapzE6AoIZv1X",BOS 1,,
